,0,1,2
0,offset-6-img-woman-wm2.tif,True,0.7452019532664982
1,cisti-1-img-dark-orig.tif,False,0.20672548962535095
2,cisti-1-img-dark-wm1.tif,True,0.7361867050443912
3,cisti-1-img-dark-wm2.tif,True,0.7053183261703568
4,cisti-1-img-dark-wm3.tif,True,0.5431533265351856
5,cisti-1-img-gnocchi-orig.tif,False,0.22543169878343466
6,cisti-1-img-gnocchi-wm1.tif,True,0.5420208729874091
7,cisti-1-img-gnocchi-wm2.tif,True,0.5236334102712488
8,cisti-1-img-gnocchi-wm3.tif,True,0.46984944662805506
9,cisti-1-img-hands-orig.tif,False,0.2254137171300594
10,cisti-1-img-hands-wm1.tif,True,0.5396118003811397
11,cisti-1-img-hands-wm2.tif,True,0.46697123388016254
12,cisti-1-img-hands-wm3.tif,True,0.48750010237304525
13,cisti-1-img-horizon-orig.tif,False,0.21238471415598642
14,cisti-1-img-horizon-wm1.tif,False,0.39556186457974
15,cisti-1-img-horizon-wm2.tif,True,0.40470071066830227
16,cisti-1-img-horizon-wm3.tif,True,0.36781490670125694
17,cisti-1-img-veggies-orig.tif,False,0.22882758322319488
18,cisti-1-img-veggies-wm1.tif,False,0.49557416499436685
19,cisti-1-img-veggies-wm2.tif,True,0.4939036690061168
20,cisti-1-img-veggies-wm3.tif,True,0.4794064918002515
21,cisti-2-img-woman-wm3.tif,True,0.4242049583874398
22,cisti-3-img-dark-orig.tif,False,0.21426699048032893
23,cisti-3-img-dark-wm1.tif,True,0.7432394811567632
24,cisti-3-img-dark-wm2.tif,True,0.7166993143911351
25,cisti-3-img-dark-wm3.tif,True,0.5654678761264095
26,cisti-3-img-gnocchi-orig.tif,False,0.22087107880862175
27,cisti-3-img-gnocchi-wm1.tif,True,0.5523216572670737
28,cisti-3-img-gnocchi-wm2.tif,True,0.5433938937692726
29,cisti-3-img-gnocchi-wm3.tif,True,0.4715022567968761
30,cisti-3-img-hands-orig.tif,False,0.2348396731559785
31,cisti-3-img-hands-wm1.tif,True,0.5505740008656509
32,cisti-3-img-hands-wm2.tif,True,0.4751098291247411
33,cisti-3-img-hands-wm3.tif,True,0.4471272529152889
34,cisti-3-img-horizon-orig.tif,False,0.21277505427204654
35,cisti-3-img-horizon-wm1.tif,True,0.3887684853442
36,cisti-3-img-horizon-wm2.tif,True,0.3937007208450631
37,cisti-3-img-horizon-wm3.tif,True,0.3457330582261641
38,cisti-3-img-veggies-orig.tif,False,0.2313500385477054
39,cisti-3-img-veggies-wm1.tif,False,0.5105918063181324
40,cisti-3-img-veggies-wm2.tif,True,0.5274330308199032
41,cisti-3-img-veggies-wm3.tif,True,0.4755321946501924
42,cisti-3-img-woman-orig.tif,False,0.2072699605945367
43,cisti-4-img-woman-wm2.tif,True,0.5933429637326366
44,cisti-4-img-woman-wm3.tif,True,0.45402068329106715
45,cisti-5-img-dark-orig.tif,False,0.22960112213683354
46,cisti-5-img-dark-wm1.tif,True,0.744575629059085
47,cisti-5-img-dark-wm2.tif,True,0.704284945276066
48,cisti-5-img-dark-wm3.tif,True,0.552215628683131
49,cisti-5-img-gnocchi-orig.tif,False,0.21431788141255995
50,cisti-5-img-gnocchi-wm1.tif,True,0.540265064302466
51,cisti-5-img-gnocchi-wm2.tif,True,0.6058813385538433
52,cisti-5-img-gnocchi-wm3.tif,True,0.48814317244492905
53,cisti-5-img-hands-orig.tif,False,0.20493940546215206
54,cisti-5-img-hands-wm1.tif,True,0.5574069044063459
55,cisti-5-img-hands-wm2.tif,True,0.4822730618925528
56,cisti-5-img-hands-wm3.tif,True,0.44733785103226376
57,cisti-5-img-horizon-orig.tif,False,0.2182986840552829
58,cisti-5-img-horizon-wm1.tif,True,0.4026866470363962
59,cisti-5-img-horizon-wm2.tif,True,0.3783763534531518
60,cisti-5-img-horizon-wm3.tif,True,0.3425806558229711
61,cisti-5-img-veggies-orig.tif,False,0.2203955984535667
62,cisti-5-img-veggies-wm1.tif,False,0.48852697412868923
63,cisti-5-img-veggies-wm2.tif,True,0.4905689291982302
64,cisti-5-img-veggies-wm3.tif,True,0.4665595540364168
65,cisti-6-img-woman-wm1.tif,True,0.6486295999653076
66,cisti-6-img-woman-wm2.tif,True,0.6139991451065866
67,cisti-6-img-woman-wm3.tif,True,0.537621954442261
68,cisti-7-img-dark-orig.tif,False,0.21102919629255285
69,cisti-7-img-dark-wm1.tif,False,0.7090189030024694
70,cisti-7-img-dark-wm2.tif,True,0.7673407412175839
71,cisti-7-img-dark-wm3.tif,True,0.5805132039353447
72,cisti-7-img-gnocchi-orig.tif,False,0.2067883769876392
73,cisti-7-img-gnocchi-wm1.tif,True,0.5268368774602518
74,cisti-7-img-gnocchi-wm2.tif,True,0.58539704864471
75,cisti-7-img-gnocchi-wm3.tif,True,0.49624465196846645
76,cisti-7-img-hands-orig.tif,False,0.24311052891727702
77,cisti-7-img-hands-wm1.tif,True,0.5577129115525825
78,cisti-7-img-hands-wm2.tif,True,0.49462795253716907
79,cisti-7-img-hands-wm3.tif,True,0.4444387755456265
80,cisti-7-img-horizon-orig.tif,False,0.22306551032686772
81,cisti-7-img-horizon-wm1.tif,True,0.4057522589044392
82,cisti-7-img-horizon-wm2.tif,True,0.40023323350975604
83,cisti-7-img-horizon-wm3.tif,True,0.35679506411168654
84,cisti-7-img-veggies-orig.tif,False,0.22254939495930054
85,cisti-7-img-veggies-wm1.tif,False,0.48912002311554986
86,cisti-7-img-veggies-wm2.tif,True,0.5295679293292348
87,cisti-8-img-woman-orig.tif,False,0.19088223998358694
88,cisti-8-img-woman-wm1.tif,True,0.6031208662530251
89,cisti-8-img-woman-wm2.tif,True,0.5671136699006293
90,cisti-8-img-woman-wm3.tif,True,0.5044492579530612
91,cisti-9-img-dark-orig.tif,False,0.2209826862805551
92,cisti-9-img-dark-wm1.tif,False,0.7383597508370301
93,cisti-9-img-dark-wm2.tif,True,0.7037926884991638
94,cisti-9-img-dark-wm3.tif,True,0.5183701381828714
95,cisti-9-img-gnocchi-orig.tif,True,0.2742338700287935
96,cisti-9-img-gnocchi-wm1.tif,True,0.5776767842196725
97,cisti-9-img-gnocchi-wm2.tif,True,0.5321878563088538
98,cisti-9-img-gnocchi-wm3.tif,True,0.49357883876531955
99,cisti-9-img-hands-orig.tif,False,0.2164124715395194
100,cisti-9-img-hands-wm1.tif,True,0.5512484592738016
101,cisti-9-img-hands-wm2.tif,True,0.49256461446073624
102,cisti-9-img-hands-wm3.tif,True,0.49236687238797633
103,cisti-9-img-horizon-orig.tif,False,0.21524170599490486
104,cisti-9-img-horizon-wm1.tif,True,0.3903088098745021
105,cisti-9-img-horizon-wm2.tif,True,0.39357415007704283
106,cisti-9-img-horizon-wm3.tif,True,0.3733487126192546
107,cisti-9-img-veggies-orig.tif,False,0.23754749546979925
108,cisti-9-img-veggies-wm1.tif,False,0.4974699921978231
109,cisti-1-img-woman-orig.tif,False,0.2199519585116754
110,cisti-10-img-veggies-wm3.tif,True,0.4942673242961324
111,cisti-2-img-woman-wm2.tif,True,0.5892953030577635
112,cisti-3-img-woman-wm1.tif,True,0.67833111561153
113,cisti-4-img-woman-wm1.tif,True,0.6793314840613793
114,cisti-5-img-woman-orig.tif,False,0.202081070593248
115,cisti-6-img-woman-orig.tif,False,0.22084097017075657
116,cisti-7-img-veggies-wm3.tif,True,0.4625727857342617
117,cisti-8-img-veggies-wm3.tif,True,0.5174481657244288
118,cisti-9-img-veggies-wm2.tif,True,0.5422908214203743
119,offset-1-img-veggies-wm1.tif,False,0.4922278263692667
120,offset-10-img-hands-orig.tif,False,0.23771194234801596
121,offset-2-img-dark-orig.tif,False,0.2352558510098689
122,offset-2-img-veggies-wm3.tif,True,0.4645909700332472
123,offset-3-img-veggies-orig.tif,False,0.22101382686384843
124,offset-4-img-gnocchi-wm3.tif,True,0.5157432527239763
125,offset-4-img-woman-wm3.tif,True,0.4715430974165392
126,offset-5-img-woman-wm2.tif,True,0.6024601132212831
127,offset-1-img-veggies-wm2.tif,True,0.47334335647640047
128,offset-1-img-veggies-wm3.tif,True,0.46195480814263384
129,offset-1-img-woman-orig.tif,False,0.20780639755701993
130,offset-1-img-woman-wm1.tif,True,0.6749915640157537
131,offset-1-img-woman-wm2.tif,True,0.6412849899071862
132,offset-1-img-woman-wm3.tif,True,0.5015542130105506
133,offset-10-img-dark-orig.tif,False,0.2382253981646828
134,offset-10-img-dark-wm1.tif,False,0.7319362935516538
135,offset-10-img-dark-wm2.tif,True,0.7106492289285565
136,offset-10-img-dark-wm3.tif,True,0.5459052030643358
137,offset-10-img-gnocchi-orig.tif,False,0.23570199177542855
138,offset-10-img-gnocchi-wm1.tif,True,0.5856097679545863
139,offset-10-img-gnocchi-wm2.tif,True,0.5970892276546591
140,offset-10-img-gnocchi-wm3.tif,True,0.5061280278092487
141,offset-3-img-veggies-wm1.tif,False,0.4517741654058292
142,offset-3-img-veggies-wm2.tif,True,0.4835328076731101
143,offset-3-img-veggies-wm3.tif,True,0.49153523503097557
144,offset-3-img-woman-orig.tif,False,0.20039240187518825
145,offset-3-img-woman-wm1.tif,True,0.6423172566551886
146,offset-3-img-woman-wm2.tif,True,0.7262939180229059
147,offset-3-img-woman-wm3.tif,True,0.5684803629550479
148,offset-4-img-dark-orig.tif,False,0.2247815377007648
149,offset-4-img-dark-wm1.tif,False,0.7149546149345261
150,offset-4-img-dark-wm2.tif,True,0.7213189573826502
151,offset-4-img-dark-wm3.tif,True,0.5603803709258198
152,offset-4-img-gnocchi-orig.tif,False,0.22675098630121676
153,offset-4-img-gnocchi-wm1.tif,True,0.524529548201975
154,offset-4-img-gnocchi-wm2.tif,True,0.5794250767633526
155,offset-5-img-dark-orig.tif,False,0.21967454926174942
156,offset-5-img-dark-wm1.tif,True,0.7535115489437558
157,offset-5-img-dark-wm2.tif,True,0.7782129062712498
158,offset-5-img-dark-wm3.tif,True,0.5733753956437047
159,offset-5-img-gnocchi-orig.tif,False,0.21203299199074951
160,offset-5-img-gnocchi-wm1.tif,True,0.5745106777218424
161,offset-5-img-gnocchi-wm2.tif,True,0.5354016671030442
162,offset-5-img-gnocchi-wm3.tif,True,0.47226173225025225
163,offset-5-img-hands-orig.tif,False,0.21005586736099144
164,offset-5-img-hands-wm1.tif,True,0.5248288115196287
165,offset-5-img-hands-wm2.tif,True,0.47481261123139334
166,offset-5-img-hands-wm3.tif,True,0.47580799443374133
167,offset-5-img-horizon-orig.tif,False,0.20428696482076417
168,offset-5-img-horizon-wm1.tif,False,0.3846858372887408
169,offset-5-img-horizon-wm2.tif,True,0.40058981188935294
170,offset-5-img-horizon-wm3.tif,True,0.376623905767802
171,offset-5-img-veggies-orig.tif,False,0.22083226709985843
172,offset-5-img-veggies-wm1.tif,False,0.4959641695469604
173,offset-5-img-veggies-wm2.tif,True,0.5350041881137549
174,offset-5-img-veggies-wm3.tif,True,0.4576452164406357
175,offset-5-img-woman-orig.tif,False,0.20937848455566896
176,offset-5-img-woman-wm1.tif,False,0.5831896625741565
177,offset-6-img-woman-wm3.tif,True,0.5761512960336816
178,offset-7-img-dark-orig.tif,False,0.2116789012462834
179,offset-7-img-dark-wm1.tif,False,0.6947810941424226
180,offset-7-img-dark-wm2.tif,True,0.7286500264870275
181,offset-7-img-dark-wm3.tif,True,0.6272314710819156
182,offset-7-img-gnocchi-orig.tif,False,0.22845286697308376
183,offset-7-img-gnocchi-wm1.tif,True,0.5823819861494628
184,offset-7-img-gnocchi-wm2.tif,True,0.5647435022770342
185,offset-7-img-gnocchi-wm3.tif,True,0.5064537745187363
186,offset-7-img-hands-orig.tif,False,0.25362932880256933
187,offset-7-img-hands-wm1.tif,True,0.5557209604327265
188,offset-7-img-hands-wm2.tif,True,0.5196609146513794
189,offset-7-img-hands-wm3.tif,True,0.42709218676968497
190,offset-7-img-horizon-orig.tif,False,0.2091165312617084
191,offset-7-img-horizon-wm1.tif,False,0.3816121727373937
192,offset-7-img-horizon-wm2.tif,True,0.39338282297455907
193,offset-7-img-horizon-wm3.tif,True,0.3838750936005776
194,offset-7-img-veggies-orig.tif,False,0.22759433563754222
195,offset-7-img-veggies-wm1.tif,False,0.4928817744409006
196,offset-7-img-veggies-wm2.tif,True,0.5076556464296211
197,offset-7-img-veggies-wm3.tif,True,0.47215331710858494
198,offset-7-img-woman-orig.tif,False,0.21230538474371832
199,offset-8-img-woman-wm2.tif,True,0.6177128479394146
200,offset-8-img-woman-wm3.tif,True,0.5253318391554064
201,offset-9-img-dark-orig.tif,False,0.2096964616907908
202,offset-9-img-dark-wm1.tif,False,0.7258141001389383
203,offset-9-img-dark-wm2.tif,True,0.6985883706757849
204,offset-9-img-dark-wm3.tif,True,0.5813511823694768
205,offset-9-img-gnocchi-orig.tif,False,0.21594684829863037
206,offset-9-img-gnocchi-wm1.tif,True,0.5663918807280459
207,offset-9-img-gnocchi-wm2.tif,True,0.5411720526310678
208,offset-9-img-gnocchi-wm3.tif,True,0.507440777374357
209,offset-9-img-hands-orig.tif,False,0.20327471512234718
210,offset-9-img-hands-wm1.tif,True,0.5391694852435964
211,offset-9-img-hands-wm2.tif,True,0.4783547617391989
212,offset-9-img-hands-wm3.tif,True,0.44660507574382496
213,offset-9-img-horizon-orig.tif,False,0.21126343834069958
214,offset-9-img-horizon-wm1.tif,True,0.39900202390779094
215,offset-9-img-horizon-wm2.tif,True,0.4029947843367973
216,offset-9-img-horizon-wm3.tif,True,0.3695490492169094
217,offset-9-img-veggies-orig.tif,False,0.21517201175479514
218,offset-9-img-veggies-wm1.tif,False,0.49991280774101526
219,offset-9-img-veggies-wm2.tif,True,0.5473829280325981
220,offset-9-img-veggies-wm3.tif,True,0.4720548919284243
221,uv-1-img-woman-wm1.tif,True,0.7050849671271299
222,uv-1-img-woman-wm2.tif,True,0.6713925943527974
223,uv-1-img-woman-wm3.tif,True,0.526343309611459
224,uv-10-img-dark-orig.tif,False,0.20804502775977066
225,uv-10-img-dark-wm1.tif,True,0.7974045828062898
226,uv-10-img-dark-wm2.tif,True,0.7485691161631937
227,uv-10-img-dark-wm3.tif,True,0.5968138081068219
228,uv-10-img-gnocchi-orig.tif,False,0.24428103383333571
229,uv-10-img-gnocchi-wm1.tif,True,0.5822522614029186
230,uv-10-img-gnocchi-wm2.tif,True,0.5370051415827153
231,uv-10-img-gnocchi-wm3.tif,True,0.48828210353631324
232,uv-10-img-hands-orig.tif,False,0.22271668373501166
233,uv-10-img-hands-wm1.tif,True,0.5411426093506703
234,uv-10-img-hands-wm2.tif,True,0.46666464227683957
235,uv-10-img-hands-wm3.tif,True,0.46205041475122277
236,uv-10-img-horizon-orig.tif,False,0.1899894572962797
237,uv-10-img-horizon-wm1.tif,True,0.3865017518920264
238,uv-10-img-horizon-wm2.tif,True,0.4060137073970061
239,uv-10-img-horizon-wm3.tif,True,0.3795232928900018
240,uv-10-img-veggies-orig.tif,False,0.23566469044051488
241,uv-10-img-veggies-wm1.tif,False,0.4937146467097602
242,uv-10-img-veggies-wm2.tif,True,0.4874758264006248
243,uv-10-img-veggies-wm3.tif,True,0.4719087833652385
244,uv-3-img-woman-wm1.tif,True,0.694394573000656
245,uv-3-img-woman-wm2.tif,True,0.6733159626377486
246,uv-3-img-woman-wm3.tif,True,0.5302826730645315
247,uv-4-img-dark-orig.tif,False,0.2563999857380199
248,uv-4-img-dark-wm1.tif,True,0.7676375544459653
249,uv-4-img-dark-wm2.tif,True,0.7527445320732794
250,uv-4-img-dark-wm3.tif,True,0.6013725891283365
251,uv-4-img-gnocchi-orig.tif,False,0.22254352167204755
252,uv-4-img-gnocchi-wm1.tif,True,0.5601539439884006
253,uv-4-img-gnocchi-wm2.tif,True,0.5761128481598098
254,uv-4-img-gnocchi-wm3.tif,True,0.5245938325796666
255,uv-4-img-hands-orig.tif,False,0.2271269603269465
256,uv-4-img-hands-wm1.tif,True,0.5522360327058173
257,uv-4-img-hands-wm2.tif,True,0.4991331840482639
258,uv-4-img-hands-wm3.tif,True,0.45075666460679664
259,uv-4-img-horizon-orig.tif,False,0.21508123661063744
260,uv-4-img-horizon-wm1.tif,False,0.38003780945733484
261,uv-4-img-horizon-wm2.tif,True,0.41466678728490075
262,uv-4-img-horizon-wm3.tif,True,0.3948136182918432
263,uv-4-img-veggies-orig.tif,False,0.24520880280528207
264,uv-4-img-veggies-wm1.tif,True,0.5046876908776767
265,uv-4-img-veggies-wm2.tif,True,0.5224715061627041
266,uv-4-img-veggies-wm3.tif,True,0.47265477897549746
267,uv-5-img-woman-wm1.tif,True,0.6570361171970254
268,uv-5-img-woman-wm2.tif,True,0.7156122239156654
269,uv-5-img-woman-wm3.tif,True,0.5610938643928653
270,uv-6-img-dark-orig.tif,False,0.21106716807701242
271,uv-6-img-dark-wm1.tif,True,0.7878840213378117
272,uv-6-img-dark-wm2.tif,True,0.7506710395595024
273,uv-6-img-dark-wm3.tif,True,0.6211604881285113
274,uv-6-img-gnocchi-orig.tif,False,0.20812611707307346
275,uv-6-img-gnocchi-wm1.tif,True,0.5303388047267843
276,uv-6-img-gnocchi-wm2.tif,True,0.5972178591006928
277,uv-6-img-gnocchi-wm3.tif,True,0.515987420914454
278,uv-6-img-hands-orig.tif,False,0.21847424505703847
279,uv-6-img-hands-wm1.tif,True,0.5821655471874065
280,uv-6-img-hands-wm2.tif,True,0.5212876836960174
281,uv-6-img-hands-wm3.tif,True,0.4697355765685112
282,uv-6-img-horizon-orig.tif,False,0.20752416770584087
283,uv-6-img-horizon-wm1.tif,False,0.37943071302054543
284,uv-6-img-horizon-wm2.tif,True,0.4138361880112069
285,uv-6-img-horizon-wm3.tif,True,0.39020183255010865
286,uv-6-img-veggies-orig.tif,False,0.23486046256305257
287,uv-6-img-veggies-wm1.tif,True,0.5246974242194171
288,uv-6-img-veggies-wm2.tif,True,0.5426954645145606
289,uv-6-img-veggies-wm3.tif,True,0.4933710687919524
290,uv-7-img-woman-wm1.tif,True,0.6682788320132892
291,uv-7-img-woman-wm2.tif,True,0.7281571819599748
292,uv-7-img-woman-wm3.tif,True,0.5635995357305944
293,uv-8-img-dark-orig.tif,False,0.22074880122219853
294,uv-8-img-dark-wm1.tif,True,0.7453546517661834
295,uv-8-img-dark-wm2.tif,True,0.7514741793303883
296,uv-8-img-dark-wm3.tif,True,0.612562799988106
297,uv-8-img-gnocchi-orig.tif,False,0.23790565389236465
298,uv-8-img-gnocchi-wm1.tif,True,0.5871431219088079
299,uv-8-img-gnocchi-wm2.tif,True,0.5395738422133768
300,uv-8-img-gnocchi-wm3.tif,True,0.5072448034206536
301,uv-8-img-hands-orig.tif,False,0.23050128388420388
302,uv-8-img-hands-wm1.tif,True,0.5368240676991091
303,uv-8-img-hands-wm2.tif,True,0.4681788318148052
304,uv-8-img-hands-wm3.tif,True,0.4703833545866687
305,uv-8-img-horizon-orig.tif,False,0.23264580666578152
306,uv-8-img-horizon-wm1.tif,True,0.3979450086395609
307,uv-8-img-horizon-wm2.tif,True,0.4028255057776216
308,uv-8-img-horizon-wm3.tif,True,0.3689056472536947
309,uv-8-img-veggies-orig.tif,False,0.22498833571479956
310,uv-8-img-veggies-wm1.tif,True,0.49605702598922075
311,uv-8-img-veggies-wm2.tif,True,0.48103707425736725
312,uv-8-img-veggies-wm3.tif,True,0.47756298900191246
313,uv-9-img-woman-wm1.tif,True,0.6926646689882744
314,uv-9-img-woman-wm2.tif,True,0.668204416618135
315,uv-9-img-woman-wm3.tif,True,0.5215721046828548
316,vodeni-1-img-dark-orig.tif,False,0.21011717380903344
317,vodeni-1-img-dark-wm1.tif,True,0.7533280188185191
318,vodeni-1-img-dark-wm2.tif,True,0.702602540476677
319,vodeni-1-img-dark-wm3.tif,True,0.5763770386445848
320,vodeni-1-img-gnocchi-orig.tif,False,0.21221490239157328
321,vodeni-1-img-gnocchi-wm1.tif,True,0.5568723842205178
322,vodeni-1-img-gnocchi-wm2.tif,True,0.5947589377483207
323,vodeni-1-img-gnocchi-wm3.tif,True,0.5184080396838946
324,vodeni-1-img-hands-orig.tif,False,0.21442327807258774
325,vodeni-1-img-hands-wm1.tif,True,0.5374008822345396
326,vodeni-1-img-hands-wm2.tif,True,0.4721096096204511
327,vodeni-1-img-hands-wm3.tif,True,0.4633571264623873
328,vodeni-1-img-horizon-orig.tif,False,0.21180833143207725
329,vodeni-1-img-horizon-wm1.tif,True,0.41703517283389624
330,vodeni-1-img-horizon-wm2.tif,True,0.39417959420067794
331,vodeni-1-img-horizon-wm3.tif,True,0.3494373224735726
332,vodeni-1-img-veggies-orig.tif,False,0.22817342933154577
333,vodeni-1-img-veggies-wm1.tif,False,0.4837247903612666
334,vodeni-1-img-veggies-wm2.tif,True,0.5522919620487745
335,vodeni-1-img-veggies-wm3.tif,True,0.47603984280147116
336,vodeni-1-img-woman-orig.tif,False,0.2107875482160237
337,vodeni-1-img-woman-wm1.tif,False,0.5736628747482618
338,vodeni-1-img-woman-wm2.tif,True,0.6005214626934037
339,vodeni-2-img-woman-orig.tif,False,0.1923243067088415
340,vodeni-2-img-woman-wm1.tif,True,0.5995822656839861
341,vodeni-2-img-woman-wm2.tif,True,0.581804575227946
342,vodeni-2-img-woman-wm3.tif,True,0.4435157705251578
343,vodeni-3-img-dark-orig.tif,False,0.21972135072273216
344,vodeni-3-img-dark-wm1.tif,True,0.737470824180027
345,vodeni-3-img-dark-wm2.tif,True,0.7563368421170447
346,vodeni-3-img-dark-wm3.tif,True,0.603358845215767
347,vodeni-3-img-gnocchi-orig.tif,False,0.22962316630507326
348,vodeni-3-img-gnocchi-wm1.tif,True,0.6054221866516711
349,vodeni-3-img-gnocchi-wm2.tif,True,0.5422784602734372
350,vodeni-3-img-gnocchi-wm3.tif,True,0.49648949903401096
351,vodeni-3-img-hands-orig.tif,False,0.2176746506646014
352,vodeni-3-img-hands-wm1.tif,True,0.5162075244708033
353,vodeni-3-img-hands-wm2.tif,True,0.5097744928197351
354,vodeni-3-img-hands-wm3.tif,True,0.4670979175147832
355,vodeni-3-img-horizon-orig.tif,False,0.2224680926906188
356,vodeni-3-img-horizon-wm1.tif,True,0.380018108285396
357,vodeni-3-img-horizon-wm2.tif,True,0.39899146537339547
358,vodeni-3-img-horizon-wm3.tif,True,0.3569071997868014
359,vodeni-3-img-veggies-orig.tif,False,0.24840964110164981
360,vodeni-3-img-veggies-wm1.tif,False,0.48467738565832574
361,vodeni-4-img-veggies-wm3.tif,True,0.4495941166790246
362,vodeni-4-img-woman-orig.tif,False,0.20849901802317622
363,vodeni-4-img-woman-wm1.tif,True,0.6190875039533223
364,vodeni-4-img-woman-wm2.tif,True,0.6370587648753199
365,vodeni-4-img-woman-wm3.tif,True,0.5600013754297389
366,vodeni-5-img-dark-orig.tif,False,0.20942344113670264
367,vodeni-5-img-dark-wm1.tif,False,0.6952207424335873
368,vodeni-5-img-dark-wm2.tif,True,0.7474137434968594
369,vodeni-5-img-dark-wm3.tif,True,0.5382748234123789
370,vodeni-5-img-gnocchi-orig.tif,False,0.22347579622472907
371,vodeni-5-img-gnocchi-wm1.tif,True,0.5612515258117404
372,vodeni-5-img-gnocchi-wm2.tif,True,0.5976672572166414
373,vodeni-5-img-gnocchi-wm3.tif,True,0.517642664595
374,vodeni-5-img-hands-orig.tif,False,0.21866568313068138
375,vodeni-5-img-hands-wm1.tif,True,0.5784048944133231
376,vodeni-5-img-hands-wm2.tif,True,0.48211120916200106
377,vodeni-5-img-hands-wm3.tif,True,0.44596150547978014
378,vodeni-5-img-horizon-orig.tif,False,0.21965131053327888
379,vodeni-5-img-horizon-wm1.tif,True,0.39328579989444745
380,vodeni-5-img-horizon-wm2.tif,True,0.39757712088657654
381,vodeni-5-img-horizon-wm3.tif,True,0.3623698546076468
382,vodeni-5-img-veggies-orig.tif,False,0.21863007056224626
383,vodeni-6-img-veggies-wm2.tif,True,0.5434368546431123
384,vodeni-6-img-veggies-wm3.tif,True,0.47817310589248113
385,vodeni-6-img-woman-orig.tif,False,0.201258425586317
386,vodeni-6-img-woman-wm1.tif,True,0.6738845987766865
387,vodeni-6-img-woman-wm2.tif,True,0.6120073539128689
388,vodeni-6-img-woman-wm3.tif,True,0.4440378590092031
389,vodeni-7-img-dark-orig.tif,False,0.21742035138303883
390,vodeni-7-img-dark-wm1.tif,True,0.7237859390474763
391,vodeni-7-img-dark-wm2.tif,True,0.7442543526079356
392,vodeni-7-img-dark-wm3.tif,True,0.5776213580912695
393,vodeni-7-img-gnocchi-orig.tif,False,0.22302565542215833
394,vodeni-7-img-gnocchi-wm1.tif,True,0.5944006008292033
395,vodeni-7-img-gnocchi-wm2.tif,True,0.5685508263833864
396,vodeni-7-img-gnocchi-wm3.tif,True,0.47603437623860617
397,vodeni-7-img-hands-orig.tif,False,0.23234981200406865
398,vodeni-7-img-hands-wm1.tif,True,0.550063481306497
399,vodeni-7-img-hands-wm2.tif,True,0.4655086681244721
400,vodeni-7-img-hands-wm3.tif,True,0.4601987427980457
401,vodeni-7-img-horizon-orig.tif,False,0.22446747910636586
402,vodeni-7-img-horizon-wm1.tif,True,0.3923117522531792
403,vodeni-7-img-horizon-wm2.tif,True,0.3809076178358434
404,vodeni-7-img-horizon-wm3.tif,True,0.3837664891898596
405,vodeni-8-img-veggies-wm1.tif,False,0.4865874362555401
406,vodeni-8-img-veggies-wm2.tif,True,0.5452262551121784
407,vodeni-8-img-veggies-wm3.tif,True,0.4476281904030532
408,vodeni-8-img-woman-orig.tif,False,0.24126380693147015
409,vodeni-8-img-woman-wm1.tif,True,0.6901016978907457
410,vodeni-8-img-woman-wm2.tif,True,0.6210862978034274
411,vodeni-8-img-woman-wm3.tif,True,0.43781618811875933
412,vodeni-9-img-dark-orig.tif,False,0.19934231537505612
413,vodeni-9-img-dark-wm1.tif,True,0.7243396433489409
414,vodeni-9-img-dark-wm2.tif,True,0.725372403616702
415,vodeni-9-img-dark-wm3.tif,True,0.5171175984854669
416,vodeni-9-img-gnocchi-orig.tif,False,0.20596203787546732
417,vodeni-9-img-gnocchi-wm1.tif,True,0.5753027356963989
418,vodeni-9-img-gnocchi-wm2.tif,True,0.5192676903206713
419,cisti-10-img-woman-orig.tif,False,0.19757691291001717
420,cisti-10-img-woman-wm1.tif,True,0.689299977119896
421,cisti-10-img-woman-wm2.tif,True,0.6897755050539729
422,cisti-10-img-woman-wm3.tif,True,0.5605816256258632
423,cisti-2-img-dark-orig.tif,False,0.20924862608226688
424,cisti-2-img-dark-wm1.tif,True,0.7228074986008842
425,cisti-2-img-dark-wm2.tif,True,0.7228074986008842
426,cisti-2-img-dark-wm3.tif,True,0.5435024318335338
427,cisti-2-img-gnocchi-orig.tif,False,0.2245990404249963
428,cisti-2-img-gnocchi-wm1.tif,True,0.5201461788308833
429,cisti-2-img-gnocchi-wm2.tif,True,0.5735482821211687
430,cisti-2-img-gnocchi-wm3.tif,True,0.49429988197455504
431,cisti-2-img-hands-orig.tif,False,0.21016251053447163
432,cisti-2-img-hands-wm1.tif,True,0.545133329798635
433,cisti-2-img-hands-wm2.tif,True,0.48898266076227503
434,cisti-2-img-hands-wm3.tif,True,0.4663890323424183
435,cisti-2-img-horizon-orig.tif,False,0.23498084424312854
436,cisti-2-img-horizon-wm1.tif,True,0.3901730140950108
437,cisti-2-img-horizon-wm2.tif,True,0.39133006163815104
438,cisti-2-img-horizon-wm3.tif,True,0.38176628958330633
439,cisti-2-img-veggies-orig.tif,False,0.2519578231576256
440,cisti-2-img-veggies-wm1.tif,False,0.47345912358420167
441,cisti-2-img-veggies-wm2.tif,True,0.5105229983736532
442,cisti-2-img-veggies-wm3.tif,True,0.45288984660477993
443,cisti-2-img-woman-orig.tif,False,0.2189989467204264
444,cisti-2-img-woman-wm1.tif,True,0.6780001718201705
445,offset-2-img-dark-wm1.tif,False,0.7270222967283182
446,offset-2-img-dark-wm2.tif,True,0.6987204224132528
447,offset-2-img-dark-wm3.tif,True,0.5762901825645219
448,offset-2-img-gnocchi-orig.tif,False,0.21727270188465128
449,offset-2-img-gnocchi-wm1.tif,True,0.5575834212280953
450,offset-2-img-gnocchi-wm2.tif,True,0.6037445454827017
451,offset-2-img-gnocchi-wm3.tif,True,0.508187940603617
452,offset-2-img-hands-orig.tif,False,0.21694622695075852
453,offset-2-img-hands-wm1.tif,True,0.5471802970637306
454,offset-2-img-hands-wm2.tif,True,0.4946391054746501
455,offset-2-img-hands-wm3.tif,True,0.4549190339149969
456,offset-2-img-horizon-orig.tif,False,0.21717148682099477
457,offset-2-img-horizon-wm1.tif,True,0.39628981226479165
458,offset-2-img-horizon-wm2.tif,True,0.4001478673896684
459,offset-2-img-horizon-wm3.tif,True,0.36263638820182564
460,offset-2-img-veggies-orig.tif,False,0.23055200137694393
461,offset-2-img-veggies-wm1.tif,False,0.467548417570898
462,offset-2-img-veggies-wm2.tif,True,0.5020687448930915
463,uv-2-img-veggies-wm1.tif,False,0.48478269343982683
464,uv-2-img-veggies-wm2.tif,True,0.5067683827624678
465,uv-2-img-veggies-wm3.tif,True,0.5031919205216833
466,uv-2-img-woman-orig.tif,False,0.19882527160284375
467,uv-2-img-woman-wm1.tif,True,0.6823501716937277
468,uv-2-img-woman-wm2.tif,True,0.6772865160827238
469,uv-2-img-woman-wm3.tif,True,0.5812184707842218
470,uv-3-img-dark-orig.tif,False,0.21125103052639221
471,uv-3-img-dark-wm1.tif,True,0.8276162458120208
472,uv-3-img-dark-wm2.tif,True,0.7288010874618811
473,uv-3-img-dark-wm3.tif,True,0.5904671707379099
474,uv-3-img-gnocchi-orig.tif,False,0.22432515541963283
475,uv-3-img-gnocchi-wm1.tif,True,0.5919231833009668
476,uv-3-img-gnocchi-wm2.tif,True,0.5157058852633876
477,uv-3-img-gnocchi-wm3.tif,True,0.47643843026961413
478,uv-3-img-hands-orig.tif,False,0.22757258502480693
479,uv-3-img-hands-wm1.tif,True,0.5524325255999892
480,uv-3-img-hands-wm2.tif,True,0.49505758789899523
481,uv-3-img-hands-wm3.tif,True,0.4691575615507803
482,uv-3-img-horizon-orig.tif,False,0.2033886640972219
483,uv-3-img-horizon-wm1.tif,False,0.37806076270174627
484,uv-3-img-horizon-wm2.tif,True,0.4034183564935239
485,uv-3-img-horizon-wm3.tif,True,0.39630848691571624
486,uv-3-img-veggies-orig.tif,False,0.22555778119489256
487,uv-3-img-veggies-wm1.tif,False,0.4810422021394565
488,uv-3-img-veggies-wm2.tif,True,0.48991339806908657
489,uv-3-img-veggies-wm3.tif,True,0.46974460304659965
490,vodeni-10-img-dark-orig.tif,False,0.2107314841977456
491,vodeni-10-img-dark-wm1.tif,True,0.7446852419233123
492,vodeni-10-img-dark-wm2.tif,True,0.7356154291034666
493,vodeni-10-img-dark-wm3.tif,True,0.5714042464703055
494,vodeni-10-img-gnocchi-orig.tif,False,0.20415754279065942
495,vodeni-10-img-gnocchi-wm1.tif,True,0.5815145597069117
496,vodeni-10-img-gnocchi-wm2.tif,True,0.5493430349910156
497,vodeni-10-img-gnocchi-wm3.tif,True,0.47362766880999946
498,vodeni-10-img-hands-orig.tif,False,0.20955862459773097
499,vodeni-10-img-hands-wm1.tif,True,0.5318785547698343
500,vodeni-10-img-hands-wm2.tif,True,0.49665243139284715
501,vodeni-10-img-hands-wm3.tif,True,0.45353968777742026
502,vodeni-10-img-horizon-orig.tif,False,0.22959196426923512
503,vodeni-10-img-horizon-wm1.tif,False,0.3749951170807866
504,vodeni-10-img-horizon-wm2.tif,True,0.4081844913382145
505,vodeni-10-img-horizon-wm3.tif,True,0.36537416093778313
506,vodeni-10-img-veggies-orig.tif,False,0.22229430756240637
507,vodeni-10-img-veggies-wm1.tif,False,0.4875734612553235
508,vodeni-10-img-veggies-wm2.tif,True,0.4852452473291769
509,vodeni-10-img-veggies-wm3.tif,True,0.45120470463070256
510,vodeni-10-img-woman-orig.tif,False,0.2129996539628533
511,vodeni-10-img-woman-wm1.tif,True,0.6172897500561437
512,cisti-3-img-woman-wm2.tif,True,0.5872407179640071
513,cisti-3-img-woman-wm3.tif,True,0.45127242515519633
514,cisti-4-img-dark-orig.tif,False,0.23231709567066308
515,cisti-4-img-dark-wm1.tif,False,0.7021121906344628
516,cisti-4-img-dark-wm2.tif,True,0.7397871501689849
517,cisti-4-img-dark-wm3.tif,True,0.5246429471171359
518,cisti-4-img-gnocchi-orig.tif,False,0.2284122936163363
519,cisti-4-img-gnocchi-wm1.tif,True,0.529393022103202
520,cisti-4-img-gnocchi-wm2.tif,True,0.5787802752068634
521,cisti-4-img-gnocchi-wm3.tif,True,0.5066847962613794
522,cisti-4-img-hands-orig.tif,False,0.20920741731633072
523,cisti-4-img-hands-wm1.tif,True,0.5534203398457804
524,cisti-4-img-hands-wm2.tif,True,0.4883249747006155
525,cisti-4-img-hands-wm3.tif,True,0.43968025880258194
526,cisti-4-img-horizon-orig.tif,False,0.2158936458597701
527,cisti-4-img-horizon-wm1.tif,True,0.3952506220498166
528,cisti-4-img-horizon-wm2.tif,True,0.38493722115376683
529,cisti-4-img-horizon-wm3.tif,True,0.37244637773359357
530,cisti-4-img-veggies-orig.tif,False,0.23827840165757103
531,cisti-4-img-veggies-wm1.tif,False,0.4905507659051381
532,cisti-4-img-veggies-wm2.tif,True,0.507289258372816
533,cisti-4-img-veggies-wm3.tif,True,0.4987271183281832
534,cisti-4-img-woman-orig.tif,False,0.2234165791767702
535,cisti-5-img-woman-wm1.tif,True,0.6213208734975522
536,cisti-5-img-woman-wm2.tif,True,0.5727076668257778
537,cisti-5-img-woman-wm3.tif,True,0.46755085687881615
538,cisti-6-img-dark-orig.tif,False,0.21397578097046227
539,cisti-6-img-dark-wm1.tif,True,0.7532484230661184
540,cisti-6-img-dark-wm2.tif,True,0.7404939990176573
541,cisti-6-img-dark-wm3.tif,True,0.5334610952405519
542,cisti-6-img-gnocchi-orig.tif,False,0.20266499052536074
543,cisti-6-img-gnocchi-wm1.tif,True,0.5856445388823224
544,cisti-6-img-gnocchi-wm2.tif,True,0.5360037579871733
545,cisti-6-img-gnocchi-wm3.tif,True,0.4947539799098184
546,cisti-6-img-hands-orig.tif,False,0.2093695577619323
547,cisti-6-img-hands-wm1.tif,True,0.5242463840551747
548,cisti-6-img-hands-wm2.tif,True,0.5048457060024518
549,cisti-6-img-hands-wm3.tif,True,0.462098469736595
550,cisti-6-img-horizon-orig.tif,False,0.21633020402353284
551,cisti-6-img-horizon-wm1.tif,True,0.39813843857525133
552,cisti-6-img-horizon-wm2.tif,True,0.3766913359275507
553,cisti-6-img-horizon-wm3.tif,True,0.34574383951500404
554,cisti-6-img-veggies-orig.tif,False,0.24936831611048924
555,cisti-6-img-veggies-wm1.tif,False,0.4933649828530772
556,cisti-6-img-veggies-wm2.tif,True,0.5399751164908929
557,cisti-6-img-veggies-wm3.tif,True,0.4972578529277322
558,cisti-7-img-woman-orig.tif,False,0.20164078003284094
559,cisti-7-img-woman-wm1.tif,True,0.6189512115952565
560,cisti-7-img-woman-wm2.tif,True,0.5750189330666925
561,cisti-7-img-woman-wm3.tif,True,0.457684483178104
562,cisti-8-img-dark-orig.tif,False,0.21009184016794966
563,cisti-8-img-dark-wm1.tif,True,0.749618358790098
564,cisti-8-img-dark-wm2.tif,True,0.7957549303642873
565,cisti-8-img-dark-wm3.tif,True,0.5561041633681688
566,cisti-8-img-gnocchi-orig.tif,False,0.2180662766893958
567,cisti-8-img-gnocchi-wm1.tif,True,0.5389439727116139
568,cisti-8-img-gnocchi-wm2.tif,True,0.5836889415995526
569,cisti-8-img-gnocchi-wm3.tif,True,0.5049366514506018
570,cisti-8-img-hands-orig.tif,False,0.2269971227070956
571,cisti-8-img-hands-wm1.tif,True,0.5554580031695547
572,cisti-8-img-hands-wm2.tif,True,0.4865862398117134
573,cisti-8-img-hands-wm3.tif,True,0.46047723518002764
574,cisti-8-img-horizon-orig.tif,False,0.22355225426882006
575,cisti-8-img-horizon-wm1.tif,True,0.4029087003557416
576,cisti-8-img-horizon-wm2.tif,True,0.3712932419331604
577,cisti-8-img-horizon-wm3.tif,True,0.3673117115281323
578,cisti-8-img-veggies-orig.tif,False,0.2353725536702481
579,cisti-8-img-veggies-wm1.tif,False,0.4995591763672454
580,cisti-8-img-veggies-wm2.tif,True,0.5461192306528824
581,offset-5-img-woman-wm3.tif,True,0.46937288708324226
582,offset-6-img-dark-orig.tif,False,0.1958043601817507
583,offset-6-img-dark-wm1.tif,False,0.7080916429467995
584,offset-6-img-dark-wm2.tif,True,0.7207345456494775
585,offset-6-img-dark-wm3.tif,True,0.5952845220997857
586,offset-6-img-gnocchi-orig.tif,False,0.20771738680536644
587,offset-6-img-gnocchi-wm1.tif,True,0.5916949237015015
588,offset-6-img-gnocchi-wm2.tif,True,0.6033318301902105
589,offset-6-img-gnocchi-wm3.tif,True,0.5153853596607882
590,offset-6-img-hands-orig.tif,False,0.2271199695447618
591,offset-6-img-hands-wm1.tif,True,0.555154122889289
592,offset-6-img-hands-wm2.tif,True,0.4961204325395538
593,offset-6-img-hands-wm3.tif,True,0.4502893473185167
594,offset-6-img-horizon-orig.tif,False,0.23070311433162738
595,offset-6-img-horizon-wm1.tif,False,0.37207019456766854
596,offset-6-img-horizon-wm2.tif,True,0.3943681263893848
597,offset-6-img-horizon-wm3.tif,True,0.36372559227054885
598,offset-6-img-veggies-orig.tif,False,0.21717374009093685
599,offset-6-img-veggies-wm1.tif,False,0.5075728855010218
600,offset-6-img-veggies-wm2.tif,True,0.5465058779547024
601,offset-6-img-veggies-wm3.tif,True,0.4978787777581221
602,offset-6-img-woman-orig.tif,False,0.21731825411586742
603,offset-6-img-woman-wm1.tif,True,0.6386484867649902
604,offset-7-img-woman-wm2.tif,True,0.6167425732074142
605,offset-7-img-woman-wm3.tif,True,0.42818292750838005
606,offset-8-img-dark-orig.tif,False,0.21492218440171793
607,offset-8-img-dark-wm1.tif,False,0.696144368378031
608,offset-8-img-dark-wm2.tif,True,0.7351461040945696
609,offset-8-img-dark-wm3.tif,True,0.6308755609704513
610,offset-8-img-gnocchi-orig.tif,False,0.19969111417343752
611,offset-8-img-gnocchi-wm1.tif,True,0.5514603164879769
612,offset-8-img-gnocchi-wm2.tif,True,0.5719352030639366
613,offset-8-img-gnocchi-wm3.tif,True,0.5093095021491674
614,offset-8-img-hands-orig.tif,False,0.2049029259759316
615,offset-8-img-hands-wm1.tif,True,0.560096125695502
616,offset-8-img-hands-wm2.tif,True,0.47959039026571026
617,offset-8-img-hands-wm3.tif,True,0.45992256832521583
618,offset-8-img-horizon-orig.tif,False,0.20578162508997902
619,offset-8-img-horizon-wm1.tif,True,0.39152483138133537
620,offset-8-img-horizon-wm2.tif,True,0.38841703842818087
621,offset-8-img-horizon-wm3.tif,True,0.3734667213616343
622,offset-8-img-veggies-orig.tif,False,0.20803340506757298
623,offset-8-img-veggies-wm1.tif,False,0.5007769689000267
624,offset-8-img-veggies-wm2.tif,True,0.5521915480301727
625,offset-8-img-veggies-wm3.tif,True,0.47405212224480364
626,offset-8-img-woman-orig.tif,False,0.2105251257740173
627,offset-9-img-woman-wm1.tif,True,0.6330304872121303
628,offset-9-img-woman-wm2.tif,True,0.6119392270581969
629,offset-9-img-woman-wm3.tif,True,0.5133977187205667
630,uv-1-img-dark-orig.tif,False,0.20353158932346307
631,uv-1-img-dark-wm1.tif,True,0.8140091249653179
632,uv-1-img-dark-wm2.tif,True,0.7115614075387505
633,uv-1-img-dark-wm3.tif,True,0.5971374854317044
634,uv-1-img-gnocchi-orig.tif,False,0.20834332372101985
635,uv-1-img-gnocchi-wm1.tif,True,0.6046094551704702
636,uv-1-img-gnocchi-wm2.tif,True,0.5660707512650176
637,uv-1-img-gnocchi-wm3.tif,True,0.504910548420296
638,uv-1-img-hands-orig.tif,False,0.235087057709256
639,uv-1-img-hands-wm1.tif,True,0.5579471618322663
640,uv-1-img-hands-wm2.tif,True,0.5027860105763499
641,uv-1-img-hands-wm3.tif,True,0.4403074708842425
642,uv-1-img-horizon-orig.tif,False,0.23028456425973398
643,uv-1-img-horizon-wm1.tif,True,0.39624258346260816
644,uv-1-img-horizon-wm2.tif,True,0.39948589602504536
645,uv-1-img-horizon-wm3.tif,True,0.370644302513996
646,uv-1-img-veggies-orig.tif,False,0.2476559379361977
647,uv-1-img-veggies-wm1.tif,False,0.4790732836912973
648,uv-1-img-veggies-wm2.tif,True,0.5037108330338311
649,uv-1-img-veggies-wm3.tif,True,0.4555365010230194
650,offset-7-img-woman-wm1.tif,False,0.5532440970493482
651,offset-8-img-woman-wm1.tif,True,0.5829590501086086
652,offset-9-img-woman-orig.tif,False,0.20136459640064355
653,uv-1-img-woman-orig.tif,False,0.215739583269544
654,uv-10-img-woman-orig.tif,False,0.19612571429833334
655,uv-2-img-veggies-orig.tif,False,0.24229511028580814
656,uv-3-img-woman-orig.tif,False,0.2124466347645555
657,uv-4-img-woman-orig.tif,False,0.2065271401762292
658,uv-5-img-woman-orig.tif,False,0.20726786129450628
659,uv-6-img-woman-orig.tif,False,0.1821594749088728
660,uv-7-img-woman-orig.tif,False,0.21236121666396335
661,uv-8-img-woman-orig.tif,False,0.19718537292802918
662,uv-9-img-woman-orig.tif,False,0.21267114363282552
663,vodeni-1-img-woman-wm3.tif,True,0.5034118766719415
664,vodeni-10-img-woman-wm2.tif,True,0.5964919496205369
665,vodeni-2-img-veggies-wm3.tif,True,0.4841536334234237
666,vodeni-3-img-veggies-wm2.tif,True,0.5505447971430589
667,vodeni-4-img-veggies-wm2.tif,True,0.5310647688525882
668,vodeni-5-img-veggies-wm1.tif,False,0.4855653441552331
669,vodeni-6-img-veggies-wm1.tif,False,0.506596130364602
670,vodeni-7-img-veggies-orig.tif,False,0.23683457462902083
671,vodeni-8-img-veggies-orig.tif,False,0.21847181654839193
672,vodeni-9-img-gnocchi-wm3.tif,True,0.5074541292698257
673,uv-4-img-woman-wm1.tif,True,0.679172232888605
674,uv-4-img-woman-wm2.tif,True,0.6835122275540592
675,uv-4-img-woman-wm3.tif,True,0.5849161612779971
676,uv-5-img-dark-orig.tif,False,0.22409392660770386
677,uv-5-img-dark-wm1.tif,True,0.7890958136091608
678,uv-5-img-dark-wm2.tif,True,0.7353375101833213
679,uv-5-img-dark-wm3.tif,True,0.5611441077377298
680,uv-5-img-gnocchi-orig.tif,False,0.23081519830133884
681,uv-5-img-gnocchi-wm1.tif,True,0.5723861773767444
682,uv-5-img-gnocchi-wm2.tif,True,0.5965604002033285
683,uv-5-img-gnocchi-wm3.tif,True,0.5109656830124529
684,uv-5-img-hands-orig.tif,False,0.2107842580693027
685,uv-5-img-hands-wm1.tif,True,0.5613778552240001
686,uv-5-img-hands-wm2.tif,True,0.4675289727546468
687,uv-5-img-hands-wm3.tif,True,0.45421103614577923
688,uv-5-img-horizon-orig.tif,False,0.218332458690248
689,uv-5-img-horizon-wm1.tif,True,0.40283971930151996
690,uv-5-img-horizon-wm2.tif,True,0.3968281922034548
691,uv-5-img-horizon-wm3.tif,True,0.3698525802137326
692,uv-5-img-veggies-orig.tif,False,0.23109108928118666
693,uv-5-img-veggies-wm1.tif,True,0.5256168896859964
694,uv-5-img-veggies-wm2.tif,True,0.5508903503417201
695,uv-5-img-veggies-wm3.tif,True,0.5150703467735748
696,uv-6-img-woman-wm1.tif,True,0.674819017670218
697,uv-6-img-woman-wm2.tif,True,0.7497720429448457
698,uv-6-img-woman-wm3.tif,True,0.5690935715030064
699,uv-7-img-dark-orig.tif,False,0.21800614894826503
700,uv-7-img-dark-wm1.tif,True,0.7454511851495038
701,uv-7-img-dark-wm2.tif,True,0.7655398704482412
702,uv-7-img-dark-wm3.tif,True,0.5724838934907204
703,uv-7-img-gnocchi-orig.tif,False,0.21920691171879816
704,uv-7-img-gnocchi-wm1.tif,True,0.6051679195921654
705,uv-7-img-gnocchi-wm2.tif,True,0.5601322207486729
706,uv-7-img-gnocchi-wm3.tif,True,0.49785804008008855
707,uv-7-img-hands-orig.tif,False,0.24066924634669465
708,uv-7-img-hands-wm1.tif,True,0.5170571332944278
709,uv-7-img-hands-wm2.tif,True,0.4838864685852304
710,uv-7-img-hands-wm3.tif,True,0.44300118186662774
711,uv-7-img-horizon-orig.tif,False,0.22075340284970177
712,uv-7-img-horizon-wm1.tif,True,0.40494812355382603
713,uv-7-img-horizon-wm2.tif,True,0.3712733632342348
714,uv-7-img-horizon-wm3.tif,True,0.3623821385648202
715,uv-7-img-veggies-orig.tif,False,0.24168169983691395
716,uv-7-img-veggies-wm1.tif,True,0.5048363920654219
717,uv-7-img-veggies-wm2.tif,True,0.5497190032595423
718,uv-7-img-veggies-wm3.tif,True,0.5104490638664169
719,uv-8-img-woman-wm1.tif,True,0.7168916768048029
720,uv-8-img-woman-wm2.tif,True,0.6983233209567008
721,uv-8-img-woman-wm3.tif,True,0.5513359571008314
722,uv-9-img-dark-orig.tif,False,0.2186243627986586
723,uv-9-img-dark-wm1.tif,True,0.7766253941713668
724,uv-9-img-dark-wm2.tif,True,0.7354498299102219
725,uv-9-img-dark-wm3.tif,True,0.5640269766414496
726,uv-9-img-gnocchi-orig.tif,False,0.21996558681796535
727,uv-9-img-gnocchi-wm1.tif,True,0.5883778676457945
728,uv-9-img-gnocchi-wm2.tif,True,0.5237489424634071
729,uv-9-img-gnocchi-wm3.tif,True,0.4757660756684101
730,uv-9-img-hands-orig.tif,False,0.2046584740906829
731,uv-9-img-hands-wm1.tif,True,0.5311066514747271
732,uv-9-img-hands-wm2.tif,True,0.5001685874608113
733,uv-9-img-hands-wm3.tif,True,0.46204352848161445
734,uv-9-img-horizon-orig.tif,False,0.2153611880804568
735,uv-9-img-horizon-wm1.tif,False,0.3802731549171304
736,uv-9-img-horizon-wm2.tif,True,0.41246978071579565
737,uv-9-img-horizon-wm3.tif,True,0.3846616586752835
738,uv-9-img-veggies-orig.tif,False,0.24248830360594603
739,uv-9-img-veggies-wm1.tif,False,0.4789898175628328
740,uv-9-img-veggies-wm2.tif,True,0.5163352576565806
741,uv-9-img-veggies-wm3.tif,True,0.47847836768862134
742,vodeni-3-img-veggies-wm3.tif,True,0.506762825368195
743,vodeni-3-img-woman-orig.tif,False,0.22104255810186674
744,vodeni-3-img-woman-wm1.tif,True,0.6222886637393144
745,vodeni-3-img-woman-wm2.tif,True,0.6240485187168048
746,vodeni-3-img-woman-wm3.tif,True,0.5891799575215556
747,vodeni-4-img-dark-orig.tif,False,0.21427772746274729
748,vodeni-4-img-dark-wm1.tif,True,0.7347876483501393
749,vodeni-4-img-dark-wm2.tif,True,0.7468628417044528
750,vodeni-4-img-dark-wm3.tif,True,0.5844616014646036
751,vodeni-4-img-gnocchi-orig.tif,False,0.2305131483828793
752,vodeni-4-img-gnocchi-wm1.tif,True,0.5536577419942732
753,vodeni-4-img-gnocchi-wm2.tif,True,0.5566712002282208
754,vodeni-4-img-gnocchi-wm3.tif,True,0.5032173399200424
755,vodeni-4-img-hands-orig.tif,False,0.21686674071074083
756,vodeni-4-img-hands-wm1.tif,True,0.5560334691091712
757,vodeni-4-img-hands-wm2.tif,True,0.47365463843666034
758,vodeni-4-img-hands-wm3.tif,True,0.45141240123001847
759,vodeni-4-img-horizon-orig.tif,False,0.20607485713711043
760,vodeni-4-img-horizon-wm1.tif,True,0.4034673493025345
761,vodeni-4-img-horizon-wm2.tif,True,0.3667144955229389
762,vodeni-4-img-horizon-wm3.tif,True,0.37106438780381273
763,vodeni-4-img-veggies-orig.tif,False,0.22504903134326243
764,vodeni-4-img-veggies-wm1.tif,False,0.466858704838226
765,vodeni-5-img-veggies-wm2.tif,True,0.49811446500023177
766,vodeni-5-img-veggies-wm3.tif,True,0.4629728277335292
767,vodeni-5-img-woman-orig.tif,False,0.21254597799775687
768,vodeni-5-img-woman-wm1.tif,True,0.6696004034853552
769,vodeni-5-img-woman-wm2.tif,True,0.6119088396724125
770,vodeni-5-img-woman-wm3.tif,True,0.4270764401402412
771,vodeni-6-img-dark-orig.tif,False,0.20699814647465253
772,vodeni-6-img-dark-wm1.tif,False,0.6991809400551976
773,vodeni-6-img-dark-wm2.tif,True,0.751265369156013
774,vodeni-6-img-dark-wm3.tif,True,0.5873959466614693
775,vodeni-6-img-gnocchi-orig.tif,False,0.2245789969985396
776,vodeni-6-img-gnocchi-wm1.tif,True,0.5215941750669085
777,vodeni-6-img-gnocchi-wm2.tif,True,0.5911885418421121
778,vodeni-6-img-gnocchi-wm3.tif,True,0.5177947884797285
779,vodeni-6-img-hands-orig.tif,False,0.21558376370355042
780,vodeni-6-img-hands-wm1.tif,True,0.5830952955808042
781,vodeni-6-img-hands-wm2.tif,True,0.4868513895257771
782,vodeni-6-img-hands-wm3.tif,True,0.43988519622421834
783,vodeni-6-img-horizon-orig.tif,False,0.22581621400939508
784,vodeni-6-img-horizon-wm1.tif,True,0.42091171419510337
785,vodeni-6-img-horizon-wm2.tif,True,0.36880171836348113
786,vodeni-6-img-horizon-wm3.tif,True,0.36035128103748826
787,vodeni-6-img-veggies-orig.tif,False,0.23701081650709735
788,vodeni-7-img-veggies-wm1.tif,False,0.4774802098771751
789,vodeni-7-img-veggies-wm2.tif,True,0.5126468920215477
790,vodeni-7-img-veggies-wm3.tif,True,0.4761458617343552
791,vodeni-7-img-woman-orig.tif,False,0.19630999528015008
792,vodeni-7-img-woman-wm1.tif,True,0.6730224912353903
793,vodeni-7-img-woman-wm2.tif,True,0.7308595040135729
794,vodeni-7-img-woman-wm3.tif,True,0.5335915062604967
795,vodeni-8-img-dark-orig.tif,False,0.20600026321066298
796,vodeni-8-img-dark-wm1.tif,True,0.7448781432797158
797,vodeni-8-img-dark-wm2.tif,True,0.7100645455037675
798,vodeni-8-img-dark-wm3.tif,True,0.5503974941882342
799,vodeni-8-img-gnocchi-orig.tif,False,0.2361172195890411
800,vodeni-8-img-gnocchi-wm1.tif,True,0.517136690615764
801,vodeni-8-img-gnocchi-wm2.tif,True,0.5937483864072123
802,vodeni-8-img-gnocchi-wm3.tif,True,0.5131149686482236
803,vodeni-8-img-hands-orig.tif,False,0.2132996816875405
804,vodeni-8-img-hands-wm1.tif,True,0.5475041376346731
805,vodeni-8-img-hands-wm2.tif,True,0.49217743219174725
806,vodeni-8-img-hands-wm3.tif,True,0.45791616285136755
807,vodeni-8-img-horizon-orig.tif,False,0.21008772243781929
808,vodeni-8-img-horizon-wm1.tif,True,0.4065036875899469
809,vodeni-8-img-horizon-wm2.tif,True,0.3839829929258192
810,vodeni-8-img-horizon-wm3.tif,True,0.39261424439216647
811,cisti-1-img-woman-wm1.tif,True,0.5906807354539937
812,cisti-1-img-woman-wm2.tif,True,0.6031921313224159
813,cisti-1-img-woman-wm3.tif,True,0.4154299588930372
814,cisti-10-img-dark-orig.tif,False,0.22548651218631394
815,cisti-10-img-dark-wm1.tif,True,0.7550037121445482
816,cisti-10-img-dark-wm2.tif,True,0.7484300907082679
817,cisti-10-img-dark-wm3.tif,True,0.550901041242422
818,cisti-10-img-gnocchi-orig.tif,False,0.2084903193689366
819,cisti-10-img-gnocchi-wm1.tif,True,0.5961915667785661
820,cisti-10-img-gnocchi-wm2.tif,True,0.5592674145309371
821,cisti-10-img-gnocchi-wm3.tif,True,0.5054412908026833
822,cisti-10-img-hands-orig.tif,False,0.21060174719948402
823,cisti-10-img-hands-wm1.tif,True,0.5443276685723321
824,cisti-10-img-hands-wm2.tif,True,0.5094933797912566
825,cisti-10-img-hands-wm3.tif,True,0.4371318088313861
826,cisti-10-img-horizon-orig.tif,False,0.22001721231522578
827,cisti-10-img-horizon-wm1.tif,True,0.3851941653264074
828,cisti-10-img-horizon-wm2.tif,True,0.3973409996579547
829,cisti-10-img-horizon-wm3.tif,True,0.36429124173884647
830,cisti-10-img-veggies-orig.tif,False,0.22889467686055864
831,cisti-10-img-veggies-wm1.tif,False,0.4795343993283907
832,cisti-10-img-veggies-wm2.tif,True,0.4806153918032528
833,cisti-9-img-veggies-wm3.tif,True,0.5037752558766897
834,cisti-9-img-woman-orig.tif,False,0.20883047896677892
835,cisti-9-img-woman-wm1.tif,True,0.6128505800691092
836,cisti-9-img-woman-wm2.tif,True,0.5793683396830793
837,cisti-9-img-woman-wm3.tif,True,0.443830264201675
838,offset-1-img-dark-orig.tif,False,0.23084954662950846
839,offset-1-img-dark-wm1.tif,False,0.7216331591584403
840,offset-1-img-dark-wm2.tif,True,0.7142333635804587
841,offset-1-img-dark-wm3.tif,True,0.5648224912580515
842,offset-1-img-gnocchi-orig.tif,False,0.2139042773211254
843,offset-1-img-gnocchi-wm1.tif,True,0.529074952213451
844,offset-1-img-gnocchi-wm2.tif,True,0.573925211645832
845,offset-1-img-gnocchi-wm3.tif,True,0.5112048804309669
846,offset-1-img-hands-orig.tif,False,0.20676502887704412
847,offset-1-img-hands-wm1.tif,True,0.5280610401228423
848,offset-1-img-hands-wm2.tif,True,0.4962067164135271
849,offset-1-img-hands-wm3.tif,True,0.44798658292673504
850,offset-1-img-horizon-orig.tif,False,0.20509447824996074
851,offset-1-img-horizon-wm1.tif,True,0.3992079291883
852,offset-1-img-horizon-wm2.tif,True,0.3875590843052615
853,offset-1-img-horizon-wm3.tif,True,0.34698542844426244
854,offset-1-img-veggies-orig.tif,False,0.24754596492615577
855,offset-2-img-woman-orig.tif,False,0.20503247353606166
856,offset-2-img-woman-wm1.tif,False,0.597796270594152
857,offset-2-img-woman-wm2.tif,True,0.6096558216629705
858,offset-2-img-woman-wm3.tif,True,0.44422763417108857
859,offset-3-img-dark-orig.tif,False,0.2138560670447083
860,offset-3-img-dark-wm1.tif,False,0.727756386028491
861,offset-3-img-dark-wm2.tif,True,0.6991251907707146
862,offset-3-img-dark-wm3.tif,True,0.5551508844548314
863,offset-3-img-gnocchi-orig.tif,False,0.2121780820968984
864,offset-3-img-gnocchi-wm1.tif,True,0.5855843871893491
865,offset-3-img-gnocchi-wm2.tif,True,0.5398551998322121
866,offset-3-img-gnocchi-wm3.tif,True,0.49292843761991073
867,offset-3-img-hands-orig.tif,False,0.21317974486006927
868,offset-3-img-hands-wm1.tif,True,0.519382862275484
869,offset-3-img-hands-wm2.tif,True,0.4795122855174676
870,offset-3-img-hands-wm3.tif,True,0.4568520842708244
871,offset-3-img-horizon-orig.tif,False,0.21820290376789372
872,offset-3-img-horizon-wm1.tif,True,0.40464111969158323
873,offset-3-img-horizon-wm2.tif,True,0.37640258685764233
874,offset-3-img-horizon-wm3.tif,True,0.3601949734010952
875,uv-10-img-woman-wm1.tif,True,0.6929568439773305
876,uv-10-img-woman-wm2.tif,True,0.7042608514637297
877,uv-10-img-woman-wm3.tif,True,0.5531245642034752
878,uv-2-img-dark-orig.tif,False,0.2059482726321781
879,uv-2-img-dark-wm1.tif,True,0.7421690284769963
880,uv-2-img-dark-wm2.tif,True,0.7399589821900253
881,uv-2-img-dark-wm3.tif,True,0.5796646628150347
882,uv-2-img-gnocchi-orig.tif,False,0.21154709141290046
883,uv-2-img-gnocchi-wm1.tif,True,0.5782918150971388
884,uv-2-img-gnocchi-wm2.tif,True,0.5454685601320893
885,uv-2-img-gnocchi-wm3.tif,True,0.504523482437992
886,uv-2-img-hands-orig.tif,False,0.25963025258309647
887,uv-2-img-hands-wm1.tif,True,0.523564318548737
888,uv-2-img-hands-wm2.tif,True,0.47651378694186236
889,uv-2-img-hands-wm3.tif,True,0.4715561283624081
890,uv-2-img-horizon-orig.tif,False,0.20792972920888675
891,uv-2-img-horizon-wm1.tif,False,0.3754008026776061
892,uv-2-img-horizon-wm2.tif,True,0.4043376362201861
893,uv-2-img-horizon-wm3.tif,True,0.39028736257132307
894,vodeni-10-img-woman-wm3.tif,True,0.547991446761169
895,vodeni-2-img-dark-orig.tif,False,0.201829099845803
896,vodeni-2-img-dark-wm1.tif,False,0.7122537765752682
897,vodeni-2-img-dark-wm2.tif,True,0.7054533387753765
898,vodeni-2-img-dark-wm3.tif,True,0.5372119378023638
899,vodeni-2-img-gnocchi-orig.tif,False,0.24057039545293032
900,vodeni-2-img-gnocchi-wm1.tif,True,0.5920368212013063
901,vodeni-2-img-gnocchi-wm2.tif,True,0.5882846380637339
902,vodeni-2-img-gnocchi-wm3.tif,True,0.5071861874173947
903,vodeni-2-img-hands-orig.tif,False,0.21941919953974698
904,vodeni-2-img-hands-wm1.tif,True,0.5622261532551225
905,vodeni-2-img-hands-wm2.tif,True,0.48998860731216126
906,vodeni-2-img-hands-wm3.tif,True,0.4525616757566756
907,vodeni-2-img-horizon-orig.tif,False,0.2246067181595241
908,vodeni-2-img-horizon-wm1.tif,True,0.38426711702368327
909,vodeni-2-img-horizon-wm2.tif,True,0.40134513845029524
910,vodeni-2-img-horizon-wm3.tif,True,0.37234731198366344
911,vodeni-2-img-veggies-orig.tif,False,0.22860535284582326
912,vodeni-2-img-veggies-wm1.tif,False,0.5095502776580455
913,vodeni-2-img-veggies-wm2.tif,True,0.559257620071828
914,offset-4-img-hands-orig.tif,False,0.21268197162082011
915,offset-4-img-hands-wm1.tif,True,0.5661146690923898
916,offset-4-img-hands-wm2.tif,True,0.5045989726477679
917,offset-4-img-hands-wm3.tif,True,0.4608984088041178
918,offset-4-img-horizon-orig.tif,False,0.20854934184141244
919,offset-4-img-horizon-wm1.tif,True,0.4025922472783536
920,offset-4-img-horizon-wm2.tif,True,0.409386148641725
921,offset-4-img-horizon-wm3.tif,True,0.38308982466973407
922,offset-4-img-veggies-orig.tif,False,0.22551683492175875
923,offset-4-img-veggies-wm1.tif,False,0.4806421872286166
924,offset-4-img-veggies-wm2.tif,True,0.5300381543505316
925,offset-4-img-veggies-wm3.tif,True,0.4532390394990515
926,offset-4-img-woman-orig.tif,False,0.2289523586216317
927,offset-4-img-woman-wm1.tif,False,0.6080452592211203
928,offset-4-img-woman-wm2.tif,True,0.6009472483977568
929,offset-10-img-hands-wm1.tif,True,0.5546365578330683
930,offset-10-img-hands-wm2.tif,True,0.5241740908624476
931,offset-10-img-hands-wm3.tif,True,0.4620159946451061
932,offset-10-img-horizon-orig.tif,False,0.21922760274524014
933,offset-10-img-horizon-wm1.tif,True,0.3999250106423253
934,offset-10-img-horizon-wm2.tif,True,0.3835400354795104
935,offset-10-img-horizon-wm3.tif,True,0.387451435167216
936,offset-10-img-veggies-orig.tif,False,0.22036906293528125
937,offset-10-img-veggies-wm1.tif,False,0.49450005062294455
938,offset-10-img-veggies-wm2.tif,True,0.47208907554215995
939,offset-10-img-veggies-wm3.tif,True,0.45551431727645014
940,offset-10-img-woman-orig.tif,False,0.19768722084597318
941,offset-10-img-woman-wm1.tif,True,0.644921542557752
942,offset-10-img-woman-wm2.tif,True,0.6505142417553642
943,offset-10-img-woman-wm3.tif,True,0.5297690296746194
944,vodeni-9-img-hands-orig.tif,False,0.2050222846826727
945,vodeni-9-img-hands-wm1.tif,True,0.548591912448014
946,vodeni-9-img-hands-wm2.tif,True,0.4820240754271895
947,vodeni-9-img-hands-wm3.tif,True,0.4764075000997425
948,vodeni-9-img-horizon-orig.tif,False,0.21650353656312651
949,vodeni-9-img-horizon-wm1.tif,False,0.3977437776386455
950,vodeni-9-img-horizon-wm2.tif,True,0.4009942280343054
951,vodeni-9-img-horizon-wm3.tif,True,0.35140472764767183
952,vodeni-9-img-veggies-orig.tif,False,0.21428892464714852
953,vodeni-9-img-veggies-wm1.tif,False,0.49971696768603957
954,vodeni-9-img-veggies-wm2.tif,True,0.5369175649843673
955,vodeni-9-img-veggies-wm3.tif,True,0.48068317364832963
956,vodeni-9-img-woman-orig.tif,False,0.20300920241574721
957,vodeni-9-img-woman-wm1.tif,True,0.6748908580986971
958,vodeni-9-img-woman-wm2.tif,True,0.5791803135382956
959,vodeni-9-img-woman-wm3.tif,True,0.4364936705840719
